{
  "name": "Benutzerlisten",
  "uniqid": "ext.zwiebelgasse.userlist",
  "version": "2",

  "requiredVersion": "1.4.2",

  "menu": {
    "categorie": "1",
    "icon": "fa fas fa-user-check",
    "params": ""
  },

  "adminGroupName": "Admin_Ext_Userlist",
  "aclGroupName": "ext_userlist",



  "submenu": [
    {
      "title": "Meine Listen",
      "icon": "fas fa-user-check",
      "url": {
        "page": "ext_userlist",
        "params": {
          "view": "default"
        }
      },
      "hidden": false,
      "acl": ["isTeacher", "isEltern", "isPupil", "isNone"]
    },
    {
      "title": "ACL",
      "icon": "fa fa-user-shield",
      "admin": true,
      "url": {
        "page": "ext_userlist",
        "params": {
          "view": "acl",
          "admin": "true"
        }
      }
    }


  ]

}